{
    "type": "origins:multiple",
    "name": "Agitation",
    "description": "Taking damage from other creatures increases your agitation. Once the bar hits 50%, you'll hit harder and become a bit more durable. At 75%, you can unleash a roar, applying darkness to surrounding entities, but consuming all stacks of Agitation in the process.",
    "resource": {
        "type": "origins:resource",
        "min": 0,
        "max": 100,
        "start_value": 0,
        "hud_render": {
            "sprite_location": "origins:textures/gui/resource_bar.png",
            "bar_index": 7,
            "condition": {
                "type": "origins:resource",
                "resource": "tainted:agitation_resource",
                "comparison": ">",
                "compare_to": 0
            }
        }
    },
    "damagebuff": {
        "type": "origins:modify_damage_dealt",
        "condition": {
            "type": "origins:resource",
            "resource": "tainted:agitation_resource",
            "comparison": ">=",
            "compare_to": 50
        },
        "modifier": {
            "operation": "multiply_total",
            "value": 0.25
        }
    },
    "defensebuff": {
        "type": "origins:modify_damage_taken",
        "condition": {
            "type": "origins:resource",
            "resource": "tainted:agitation_resource",
            "comparison": ">=",
            "compare_to": 50
        },
        "modifier": {
            "operation": "multiply_total",
            "value": -0.1
        }
    },
    "ondamage": {
        "type": "origins:action_when_hit",
        "bientity_action": {
            "type": "origins:target_action",
            "action": {
                "type": "origins:change_resource",
                "resource": "tainted:agitation_resource",
                "change": 3
            }
        }
    },
    "decay": {
		"type": "origins:action_over_time",
		"entity_action": {
			"type": "origins:change_resource",
			"resource": "tainted:agitation_resource",
			"change": -5
		},
		"interval": 200
	},
    "roar": {
        "type": "origins:active_self",
        "condition": {
            "type": "origins:resource",
            "resource": "tainted:agitation_resource",
            "comparison": ">=",
            "compare_to": 75
        },
        "entity_action": {
            "type":"origins:and",
            "actions": [{
                "type": "origins:play_sound",
                "sound": "minecraft:entity.ender_dragon.growl",
                "pitch": 0.7,
                "volume": 1
            },
            {
                "type": "origins:area_of_effect",
                "radius": 20,
                "bientity_action": {
                    "type": "origins:target_action",
                    "action": {
                        "type": "origins:grant_power",
                        "power": "tainted:darkness",
                        "source": "tainted:tainted"
                    }
                },
                "bientity_condition": {
                    "type": "origins:target_condition",
                    "condition": {
                        "type": "origins:origin",
                        "origin": "tainted:tainted",
                        "layer": "origins:origin",
                        "inverted": true
                    }
                }
            },
            {
                "type": "origins:change_resource",
                "resource": "tainted:agitation_resource",
                "change": 0,
                "operation": "set"
            }]
        },
        "cooldown": 80,
        "hud_render": {
            "should_render": false
        },
        "key": {
            "key": "key.origins.secondary_active"
        }
    }
}