{
    "type": "origins:action_over_time",
    "entity_action": {
        "type": "origins:if_else_list",
        "actions": [
            {
                "condition": {
                    "type": "origins:resource",
                "resource": "tainted:beatresource",
                "comparison": "==",
                "compare_to": 1
                },
                "action": {
                    "type": "origins:and",
                    "actions": [
                        {
                            "type": "origins:play_sound",
                            "sound": "minecraft:block.note_block.basedrum",
                            "volume": 4,
                            "pitch": 0
                        },
                        {
                            "type": "origins:change_resource",
                            "resource": "tainted:beatresource",
                            "change": 1
                        }
                    ]
                }
            },
            {
                "condition": {
                    "type": "origins:resource",
                "resource": "tainted:beatresource",
                "comparison": "==",
                "compare_to": 2
                },
                "action": {
                    "type": "origins:and",
                    "actions": [
                        {
                            "type": "origins:play_sound",
                            "sound": "minecraft:block.note_block.basedrum",
                            "volume": 4,
                            "pitch": 0
                        },
                        {
                            "type": "origins:change_resource",
                            "resource": "tainted:beatresource",
                            "change": 1
                        }
                    ]
                }
            },
            {
                "condition": {
                    "type": "origins:resource",
                "resource": "tainted:beatresource",
                "comparison": "==",
                "compare_to": 3
                },
                "action": {
                    "type": "origins:change_resource",
                    "resource": "tainted:beatresource",
                    "change": 1
                }
            },
            {
                "condition": {
                    "type": "origins:resource",
                "resource": "tainted:beatresource",
                "comparison": "==",
                "compare_to": 4
                },
                "action": {
                    "type": "origins:change_resource",
                    "resource": "tainted:beatresource",
                    "change": -3
                }
            }
        ]
    },
    "interval": 7,
    "name": "Heartbeats",
    "description": "Your large, sculk infused heart beats so profusely, others can hear it."
}