{
    "type": "origins:multiple",
    "name": "Blindness",
    "description": "You're permanently blind, and entities are invisible to you unless they make noise. When they do, however, they're revealed regardless of line of sight.",
    "blind1": {
        "type": "origins:night_vision",
        "strength": 1.0
    },
    "glow": {
        "type": "origins:entity_glow",
        "entity_condition": {
            "type": "origins:and",
            "conditions": [{
                "type": "origins:living"
            },
            {
                "type": "origins:or",
                "conditions": [{
                    "type": "origins:resource",
                    "resource": "tainted:noise_duration",
                    "comparison": ">",
                    "compare_to": 0
                },
                {
                    "type": "origins:entity_type",
                    "entity_type": "minecraft:player",
                    "inverted": true
                }]
            }]
        },
        "bientity_condition": {
            "type": "origins:distance",
            "comparison": "<=",
            "compare_to": 30
        }
    },
    "shader": {
        "type": "origins:shader",
        "shader": "minecraft:shaders/post/sobel.json",
        "toggleable": false
    },
    "noblindeffect": {
        "type": "origins:effect_immunity",
        "effects": [
            "minecraft:blindness"
        ],
        "condition": {
            "type": "origins:in_block",
            "block_condition": {
                "type": "origins:height",
                "comparison": "<=",
                "compare_to": 50
            }
        }
    },
    "hideentities": {
        "type": "origins:prevent_entity_render",
        "bientity_condition": {
            "type": "origins:and",
            "conditions": [{
                "type": "origins:or",
                "conditions": [{
                    "type": "origins:distance",
                    "comparison": ">=",
                    "compare_to": 20
                },
                {
                    "type": "origins:target_condition",
                    "condition": {
                        "type": "origins:and",
                        "conditions": [{
                            "type": "origins:living"
                        },
                        {
                            "type": "origins:resource",
                            "resource": "tainted:noise_duration",
                            "comparison": "==",
                            "compare_to": 0
                        }]
                    }
                }]
            },{
                "type": "origins:distance",
                "comparison": "==",
                "compare_to": 0,
                "inverted": true
            }]
        }
    },
    "onchange": {
		"type": "origins:action_on_callback",
        "entity_action_chosen": {
            "type": "origins:execute_command",
            "command": "tag @s add tainted"
        },
        "entity_action_added": {
            "type": "origins:execute_command",
            "command": "tag @s add tainted"
        },
        "entity_action_respawned": {
            "type": "origins:execute_command",
            "command": "tag @s add tainted"
        },
		"entity_action_lost": {
            "type": "origins:clear_effect",
            "effect": "minecraft:blindness"
        },
        "entity_action_removed": {
            "type": "origins:execute_command",
            "command": "tag @s remove tainted"
        }
	}
}