{
    "comment": "If you have any regard for your sanity stop reading this right now. This is your only warning.",
    "type": "origins:multiple",
    "resource": {
        "type": "origins:resource",
        "min": 0,
        "max": 12,
        "max_action": {
            "type": "origins:and",
            "actions": [{
                "type": "origins:change_resource",
                "resource": "tainted:darkness_resource",
                "change": 0,
                "operation": "set"
            },
            {
                "type": "origins:change_resource",
                "resource": "tainted:darkness_loop",
                "change": 1
            }]
        },
        "start_value": 0,
        "hud_render": {
            "should_render": false
        }
    },
    "loop": {
        "type": "origins:resource",
        "min": 0,
        "max": 5,
        "max_action": {
            "type": "origins:revoke_power",
            "power": "tainted:darkness",
            "source": "tainted:tainted"
        },
        "start_value": 0,
        "hud_render": {
            "should_render": false
        }
    },
    "iterator": {
		"type": "origins:action_over_time",
		"entity_action": {
			"type": "origins:change_resource",
			"resource": "tainted:darkness_resource",
			"change": 1
		},
		"interval": 7
	},
    "overlay1": {
        "type": "origins:overlay",
        "texture": "minecraft:textures/block/stone.png",
        "strength": 0.5,
        "red": 0,
        "green": 0,
        "blue": 0,
        "draw_mode": "texture",
        "draw_phase": "below_hud",
        "hide_with_hud": false,
        "visible_in_third_person": true,
        "condition": {
            "type": "origins:or",
            "conditions": [{
                "type": "origins:resource",
                "resource": "tainted:darkness_resource",
                "comparison": "==",
                "compare_to": 0
            },{
                "type": "origins:resource",
                "resource": "tainted:darkness_resource",
                "comparison": "==",
                "compare_to": 12
            }]
        }
    },
    "overlay2": {
        "type": "origins:overlay",
        "texture": "minecraft:textures/block/stone.png",
        "strength": 0.5,
        "red": 0,
        "green": 0,
        "blue": 0,
        "draw_mode": "texture",
        "draw_phase": "below_hud",
        "hide_with_hud": false,
        "visible_in_third_person": true,
        "condition": {
            "type": "origins:or",
            "conditions": [{
                "type": "origins:resource",
                "resource": "tainted:darkness_resource",
                "comparison": "==",
                "compare_to": 1
            },{
                "type": "origins:resource",
                "resource": "tainted:darkness_resource",
                "comparison": "==",
                "compare_to": 11
            }]
        }
    },
    "overlay3": {
        "type": "origins:overlay",
        "texture": "minecraft:textures/block/stone.png",
        "strength": 0.6,
        "red": 0,
        "green": 0,
        "blue": 0,
        "draw_mode": "texture",
        "draw_phase": "below_hud",
        "hide_with_hud": false,
        "visible_in_third_person": true,
        "condition": {
            "type": "origins:or",
            "conditions": [{
                "type": "origins:resource",
                "resource": "tainted:darkness_resource",
                "comparison": "==",
                "compare_to": 2
            },{
                "type": "origins:resource",
                "resource": "tainted:darkness_resource",
                "comparison": "==",
                "compare_to": 10
            }]
        }
    },
    "overlay4": {
        "type": "origins:overlay",
        "texture": "minecraft:textures/block/stone.png",
        "strength": 0.725,
        "red": 0,
        "green": 0,
        "blue": 0,
        "draw_mode": "texture",
        "draw_phase": "below_hud",
        "hide_with_hud": false,
        "visible_in_third_person": true,
        "condition": {
            "type": "origins:or",
            "conditions": [{
                "type": "origins:resource",
                "resource": "tainted:darkness_resource",
                "comparison": "==",
                "compare_to": 3
            },{
                "type": "origins:resource",
                "resource": "tainted:darkness_resource",
                "comparison": "==",
                "compare_to": 9
            }]
        }
    },
    "overlay5": {
        "type": "origins:overlay",
        "texture": "minecraft:textures/block/stone.png",
        "strength": 0.85,
        "red": 0,
        "green": 0,
        "blue": 0,
        "draw_mode": "texture",
        "draw_phase": "below_hud",
        "hide_with_hud": false,
        "visible_in_third_person": true,
        "condition": {
            "type": "origins:or",
            "conditions": [{
                "type": "origins:resource",
                "resource": "tainted:darkness_resource",
                "comparison": "==",
                "compare_to": 4
            },{
                "type": "origins:resource",
                "resource": "tainted:darkness_resource",
                "comparison": "==",
                "compare_to": 8
            }]
        }
    },
    "overlay6": {
        "type": "origins:overlay",
        "texture": "minecraft:textures/block/stone.png",
        "strength": 0.95,
        "red": 0,
        "green": 0,
        "blue": 0,
        "draw_mode": "texture",
        "draw_phase": "below_hud",
        "hide_with_hud": false,
        "visible_in_third_person": true,
        "condition": {
            "type": "origins:or",
            "conditions": [{
                "type": "origins:resource",
                "resource": "tainted:darkness_resource",
                "comparison": "==",
                "compare_to": 5
            },{
                "type": "origins:resource",
                "resource": "tainted:darkness_resource",
                "comparison": "==",
                "compare_to": 7
            }]
        }
    },
    "overlay0": {
        "type": "origins:overlay",
        "texture": "minecraft:textures/block/stone.png",
        "strength": 1.0,
        "red": 0,
        "green": 0,
        "blue": 0,
        "draw_mode": "texture",
        "draw_phase": "below_hud",
        "hide_with_hud": false,
        "visible_in_third_person": true,
        "condition": {
            "type": "origins:resource",
            "resource": "tainted:darkness_resource",
            "comparison": "==",
            "compare_to": 6
        }
    }
}