{
    "type":"origins:multiple",
    "slow": {
        "type": "origins:attribute",
        "modifier": {
            "attribute": "minecraft:generic.movement_speed",
            "value": -0.015,
            "operation": "addition"
        }
    },
    "nokb": {
        "type": "origins:attribute",
        "modifier": {
            "attribute": "minecraft:generic.knockback_resistance",
            "value": 1,
            "operation": "addition"
        }
    },
    "name": "Bulky",
    "description": "While you're slower than others, you make up for it with your knockback resistance and Agitation bonuses."
}