{
    "type": "origins:multiple",
    "name": "Underground inhabitant",
    "description": "Nature is loud, and its noises interfere with your superior hearing. Your sound-sight is greatly weakened while on or near the surface.",
    "overlay": {
        "type": "origins:overlay",
        "texture": "minecraft:textures/block/stone.png",
        "strength": 0.6,
        "red": 0,
        "green": 0,
        "blue": 0,
        "draw_mode": "texture",
        "draw_phase": "below_hud",
        "hide_with_hud": false,
        "visible_in_third_person": true,
        "condition": {
            "type": "origins:and",
            "conditions": [{
                "type": "origins:dimension",
                "dimension": "minecraft:overworld"
            },
            {
                "type": "origins:in_block",
                "block_condition": {
                    "type": "origins:height",
                    "comparison": ">=",
                    "compare_to": 50
                }
            }]
        }
    }
}