{
    "powers": [
        "tainted:blindvision",
        "tainted:sniff",
        "tainted:agitation",
        "tainted:underground",
        "tainted:listener",
        "tainted:passive",
        "tainted:noranged",
        "tainted:beat",
        "tainted:beatresource",
        "origins:strong_arms",
        "tainted:stalagmites"
    ],
    "icon": "minecraft:sculk_sensor",
    "order": 10,
    "impact": 3,
    "name": "Tainted",
    "description": "A powerful but blind creature with the ability to sense vibrations"
}